episode,episode_reward,step
0.0,21.511173403853302,0
4.0,21.610282831729023,4000
8.0,19.84656074389722,8000
12.0,21.65618900378761,12000
