episode,episode_reward,step
0.0,0.67770867510377,0
4.0,0.6678318739276169,4000
8.0,14.86374403603688,8000
12.0,20.932943791002614,12000
16.0,15.750465235343409,16000
20.0,272.81987412757707,20000
