episode,episode_reward,step
0.0,0.67770867510377,0
4.0,0.6678318739276169,4000
0.0,38.66117289757854,0
4.0,38.84204841965859,4000
