episode,episode_reward,step
0.0,0.684800542617139,0
4.0,0.6754905765882749,4000
8.0,0.674374189476819,8000
12.0,88.99000693394089,12000
16.0,85.00314212220283,16000
20.0,326.2446319386123,20000
24.0,396.3098440336717,24000
28.0,165.40643675413043,28000
32.0,832.0744677731343,32000
36.0,361.69709141544945,36000
